{
  "readability_score": 19.34784544406,
  "grade_level": 15.347068050749712,
  "grammar_issues": [],
  "structure_score": 1.0,
  "empathy_score": 0.6666666666666666,
  "factual_score": 0.0,
  "overall_score": 0.47,
  "validation_timestamp": "2025-01-18T14:38:00Z"
}